标题,作者,期刊,年份,干预措施数量,联合措施类型,主穴1,主穴2,主穴3,主穴4,主穴5,主穴6,主穴7,主穴8,主穴9,主穴10,主穴11
耳穴贴压联合术前健康宣教在高血压患者眼科手术中的应用效果分析,朱婕,现代养生（上半月版）,2022,2,健康教育,降压沟,神门,内分泌,脑,肾,,,,,,
针刺联合耳穴贴压治疗对肥胖型高血压患者血压、肥胖指标及症状积分的影响,赵琳,四川中医,2022,2,针刺,降压沟,神门,心,交感,,,,,,,
耳穴压豆治疗痰湿质高血压患者的临床研究,杨帆,现代医学与健康研究电子杂志,2022,1,无,降压点,内分泌,皮质下,心,神门,脾,,,,,
耳穴压豆联合耳尖放血干预肝阳上亢型高血压患者的效果观察,王景平,药店周刊,2022,2,耳尖放血,肝,心,神门,降压沟,,,,,,,
降压汤配合耳穴压豆治疗原发性高血压临床研究,倪敏,新中医,2022,2,中药汤剂,神门,肾,交感,心,降压沟,,,,,,
耳穴压豆中医护理在高血压病患者中的应用效果分析,吕福兰,中华养生保健,2022,1,无,降压沟,心,神门,耳尖,肝,肾,,,,,
耳穴贴压配合中医护理治疗顽固性高血压的效果评价,卢芳,健康之友,2022,2,中医护理,神门,心,肾上腺,肾,肝,耳尖,降压沟,内分泌,,,
中药穴位贴敷联合耳穴压豆在老年高血压性失眠症患者护理中的应用效果,梁惠行,中国社区医师,2022,2,穴位贴敷,神门,交感,心,脑,内分泌,,,,,,
耳穴埋豆结合五行情志干预对原发性高血压伴焦虑患者睡眠质量、血压控制及应对方式的影响,李晓,临床医学研究与实践,2022,2,五行情志,心,神门,皮质下,交感,胸,,,,,,
中医耳穴压贴与针灸技术对社区老年性高血压进行治疗的临床效果评价,李秋慧,益寿宝典,2022,2,针灸,降压点,心,额,皮质下,肝,交感,,,,,
耳穴压豆联合心理干预在老年高血压伴失眠患者中的应用,何萍,海南医学,2022,2,心理干预,心,降压点,神门,脾,肝,,,,,,
耳穴贴压联合心理干预对改善原发性高血压患者睡眠质量的研究,高永红,贵州医药,2022,2,心理干预,内分泌,降压沟,肝,神门,降压点,,,,,,
耳穴压豆联合穴位贴敷中医护理在高血压病患者中的护理效果,高剑萍,健康大视野,2022,2,穴位贴敷,耳尖,降压沟,神门,,,,,,,,
耳穴刺血联合耳穴贴压对高血压3级患者的临床应用效果研究,杜爱芹,临床医学工程,2022,2,耳穴刺血,降压沟,耳尖,神门,交感,额,皮质下,,,,,
柴胡龙骨牡蛎汤加减联合耳穴压籽治疗原发性高血压肝阳上亢证的临床疗效,左天伟,内蒙古中医药,2021,2,中药汤剂,心,肝,脾,胃,神门,降压沟,降压点,,,,
耳穴压丸对高血压患者治疗效果的影响,邹秋萍,医疗装备,2021,1,无,心,肝,肾,神门,交感,内分泌,降压沟,,,,
耳穴贴压配合中医膳食调节在高血压患者护理的实施价值,赵怡婷,健康必读,2021,2,中医膳食,神门,心,肾,交感,降压沟,,,,,,
健脾平肝降压汤联合耳穴压豆治疗高血压的临床效果,赵小麟,内蒙古中医药,2021,2,中药汤剂,肝,脾,神门,降压沟,,,,,,,
子午流注择时耳穴压豆在眩晕肝阳上亢证中的应用,赵晨静,东方药膳,2021,1,无,神门,交感,皮质下,降压沟,,,,,,,
耳穴压豆中医护理在阴虚火旺型高血压患者中的疗效观察,张璐璐,中医外治杂志,2021,1,无,神门,交感,降压沟,心,肝,肾,,,,,
耳穴埋籽法在临床中对高血压眩晕患者的应用,张娟,母婴世界,2021,1,无,神门,降压沟,皮质下,内分泌,交感,,,,,,
中医耳穴贴压与针灸技术治疗社区老年原发性高血压的临床分析,张杰强,养生大世界,2021,2,针灸,神门,降压沟,降压点,高血压点,内分泌,肝,脾,,,,
耳穴压籽联合柴胡龙骨牡蛎汤治疗肝阳上亢型原发性高血压的临床研究,张红梅,光明中医,2021,2,中药汤剂,心,肝,脾,胃,降压沟,耳迷根,降压点,神门,,,
高血压患者采取耳穴埋豆联合穴位贴敷中医护理的效果,俞月贤,中西医结合心血管病电子杂志,2021,2,穴位贴敷,皮质下,心,肝,肾,降压沟,,,,,,
穴位敷贴联合耳穴贴压在原发性高血压中的应用,俞亚菊,新中医,2021,2,穴位贴敷,降压沟,神门,高血压点,降压点,内分泌,脾,胃,肺,,,
耳穴压豆联合穴位按摩在高血压伴失眠患者中的应用效果,杨洋,光明中医,2021,2,穴位按摩,心,神门,降压沟,脾,肝,,,,,,
降压敷贴联合耳穴埋豆治疗原发性高血压的疗效及安全性研究,杨伟锋,养生保健指南,2021,2,穴位贴敷,心,肝,肾,皮质下,降压沟,,,,,,
耳穴压豆联合穴位贴敷中医护理在高血压病患者中的护理效果分析,杨朋,母婴世界,2021,2,穴位贴敷,降压点,耳尖,心,肾,神门,肝,,,,,
耳穴贴压配合中医护理治疗顽固性高血压的效果观察,杨家卿,健康女性,2021,2,中医护理,肝,降压沟,内分泌,神门,耳,心,肾,肾上腺,,,
耳穴压豆配合情志护理联合常规医护措施治疗老年H型高血压临床研究,吴珍,新中医,2021,2,情志护理,神门,交感,降压沟,心,肾,,,,,,
高血压患者采取耳穴压豆联合穴位贴敷中医护理的效果,王秋玉,特别健康,2021,2,穴位贴敷,降压沟,心,神门,耳尖,肾,肝,,,,,
循证护理联合耳穴贴压对老年高血压患者血压变异性的影响,王莉,中西医结合护理(中英文),2021,2,循证护理,神门,交感,降压沟,皮质下,,,,,,,
五音疗法配合耳穴压豆对肝阳上亢型高血压患者的影响,王胡君,养生大世界,2021,2,五音疗法,降压沟,交感,神门,肝,心,,,,,,
推拿联合耳穴贴压在原发性高血压患者中的应用,万丽霞,饮食保健,2021,2,推拿,神门,降压沟,耳尖,肝,肾,皮质下,交感,,,,
耳穴压豆改善老年高血压患者血压水平和睡眠质量的效果研究,谭丽梅,智慧健康,2021,1,无,耳尖,降压沟,神门,,,,,,,,
山楂降脂丸联合耳穴压豆疗法治疗H型高血压患者的临床效果及其对肾素-血管紧张素-醛固酮系统、颈动脉粥样硬化指标的影响,孙东建,广西医学,2021,2,中药丸,降压沟,神门,心,肝,脾,肾,,,,,
加味温胆汤联合耳穴压豆治疗痰湿壅盛型高血压的临床观察,孙东建,广州中医药大学学报,2021,2,中药汤剂,降压沟,降压点,心,神门,耳尖,,,,,,
桑藤降压足浴方联合耳穴埋籽治疗阴虚阳亢型高血压疗效观察,任一欣,中国社区医师,2021,2,中药足浴,神门,耳尖,肝阳,肝,枕,,,,,,
耳穴压豆疗法联合平肝降压汤对高血压患者血压变异性的影响,饶文娟,中医外治杂志,2021,2,中药汤剂,降压沟,降压点,肾,神门,皮质下,肝,,,,,
中医综合疗法治疗高血压阴虚阳亢证的临床疗效,裴雯,中西医结合心脑血管病杂志,2021,3,中药汤剂、穴位贴敷,降压沟,肝,肾,,,,,,,,
针刺联合耳穴贴压对原发性高血压患者动态血压及血压变异性指标的影响,长春中医药大学学报,陆敏红,2021,2,针刺,心,交感,降压沟,神门,,,,,,,
穴位按摩结合耳穴压豆法对高血压伴睡眠障碍患者的应用价值,刘园,辽宁师专学报:自然科学版,2021,1,无,内分泌,皮质下,胃,大肠,肝,肺,心,面颊,,,
柴胡龙骨牡蛎汤加减联合耳穴压籽治疗原发性高血压肝阳上亢证临床观察,刘伍振,光明中医,2021,2,中药汤剂,神门,降压沟,脾,胃,肝,心,耳迷根,降压点,,,
耳穴压豆治疗原发性高血压病合并失眠症的应用,刘萌萌,实用中医内科杂志,2021,1,无,心,肝,脾,胃,肾,,,,,,
分析耳穴压豆中医护理在高血压病患者中的应用效果及血压水平影响,刘彩云,中国保健营养,2021,2,中医护理,神门,交感,,,,,,,,,
耳穴压豆结合穴位按摩对老年高血压伴失眠患者的干预效果观察,林璐,世界睡眠医学杂志,2021,2,穴位按摩,心,神门,脾,肝,降压点,,,,,,
老年高血压合并睡眠障碍患者应用耳穴压豆联合音乐疗法的效果观察,李倩,心血管病防治知识：学术版,2021,2,音乐疗法,心,神门,枕,皮质下,,,,,,,
穴位按摩联合耳穴埋豆对高血压患者降压效果的观察,李利美,心血管病防治知识:学术版,2021,2,穴位按摩,交感,三焦,神门,肾上腺,,,,,,,
耳穴压豆联合硝苯地平治疗肝肾阴虚型高血压疗效观察,李春锋,健康必读,2021,1,无,交感,心,肾,神门,皮质下,降压点,,,,,
中医耳穴贴压辅以针灸技术对社区老年原发性高血压的效果观察,胡悦颖,世界最新医学信息文摘,2021,2,针灸,降压沟,,,,,,,,,,
耳尖放血联合耳穴埋豆辅助治疗阴虚阳亢型高血压病临床研究,何民,新中医,2021,2,耳尖放血,交感,内分泌,神门,肝,肾,降压沟,心,,,,
中医耳穴压贴与针灸技术对社区老年性高血压进行治疗的临床效果分析,古再丽阿依·帕尔哈提,中国社区医师,2021,2,针灸,降压点,心,额,皮质下,肝,交感,,,,,
神门关联配穴精准压丸法对肝阳上亢型原发性高血压病1级患者中医证候的影响,巩玉红,世界最新医学信息文摘,2021,2,穴位按摩,神门,心,交感,肝,降压沟,,,,,,
耳穴压豆辅助治疗眩晕(原发性高血压)的效果,龚婷,中国中医药现代远程教育,2021,1,无,交感,心,肝,肾,内分泌,神门,降压沟,,,,
情志护理+耳穴埋籽对老年高血压脑卒中恢复期伴焦虑症状患者的影响,龚立琴,心理月刊,2021,2,情志护理,神门,肝,肾,心,额,枕,皮质下,,,,
穴位贴敷联合耳穴压豆对原发性高血压患者血压控制及睡眠质量的影响,冯曙霞,临床研究,2021,2,穴位贴敷,肾,肝,降压点,降压沟,肝阳,高血压点,神门,失眠穴,皮质下,,
观察耳穴压豆中医护理对高血压患者血压水平及满意度的影响,董薇,健康之家,2021,1,无,心,肝,神门,皮质下,,,,,,,
高血压病患者运用耳穴压豆中医护理的效果分析,丁娜,健康管理,2021,1,无,降压沟,降压点,肾,脑,内分泌,神门,,,,,
耳穴压豆治疗老年高血压伴失眠症的效果观察,程彦青,特别健康,2021,1,无,降压沟,交感,内分泌,心,皮质下,神门,,,,,
子午流注指导下穴位贴敷联合耳穴压豆在高血压患者中的应用,陈仕梅,中国当代医药,2021,2,穴位贴敷,降压沟,心,脾,胃,肾,神门,皮质下,,,,
耳穴埋豆联合缬沙坦对肝阳上亢型高血压患者的临床疗效观察,蔡炼,心血管病防治知识:学术版,2021,1,无,肝,神门,降压沟,心,交感,胆,,,,,
耳穴贴压联合针刺治疗高血压临床观察,鲍晓娜,光明中医,2021,2,针刺,降压沟,肝阳,心,肝,肾,内分泌,,,,,
耳穴贴压法配合降压药治疗高血压病的效果观察,邹贤顺,当代医药论丛,2020,1,无,皮质下,降压沟,神门,,,,,,,,
研究耳穴贴压联合吴茱萸涌泉穴穴贴在高血压患者护理中的干预价值,周希妹,实用临床护理学电子杂志,2020,2,穴位贴敷,神门,降压沟,降压点,心,耳尖,,,,,,
中医辨证施膳联合多种适宜技术治疗肾性高血压的疗效观察,赵晓彬,中医临床研究,2020,2,中医膳食,神门,皮质下,内分泌,交感,肾,降压沟,,,,,
中医耳穴贴压与针灸技术治疗社区老年原发性高血压的疗效观察,赵满,自我保健,2020,2,针灸,降压沟,,,,,,,,,,
耳穴埋豆联合穴位贴敷在高血压眩晕患者血压控制中的应用效果,张建伟,康颐,2020,2,穴位贴敷,心,神门,肾,交感,皮质下,降压沟,,,,,
中药浴足与耳穴贴压联合西药治疗高血压眩晕效果分析,张丹,新中医,2020,2,中药足浴,神门,肝,降压沟,交感,肾,内分泌,,,,,
耳穴埋籽联合苯磺酸氨氯地平片治疗高血压眩晕的临床观察,袁笑弟,中国民间疗法,2020,1,无,神门,耳尖,肝阳,枕,,,,,,,
耳穴埋豆联合穴位贴敷治疗高血压患者眩晕的临床分析,袁红菊,中国农村卫生,2020,2,穴位贴敷,皮质下,心,肝,肾,降压沟,,,,,,
耳穴埋豆治疗透析患者高血压的疗效分析,叶凯丽,特别健康,2020,1,无,降压沟,神门,心,肝,肾,交感,,,,,
耳穴压豆在改善高血压患者头痛头晕症状中的应用护理分析,叶璟,中国现代医生,2020,1,无,降压沟,,,,,,,,,,
耳穴贴压疗法治疗原发性高血压并发焦虑效果及不良反应率,杨伟锋,康颐,2020,1,无,神门,心,肝,肾,三焦,,,,,,
中医耳穴贴压联合头面部按摩在原发性高血压患者中的应用,晏芳,药品评价,2020,2,头面部按摩,肝,神门,交感,皮质下,高血压点,降压沟,,,,,
耳穴贴压联合情志干预在原发性高血压患者中的应用,徐鹏敏,河南医学研究,2020,2,情志护理,心,神门,交感,降压沟,,,,,,,
中医耳穴贴压与针灸技术治疗社区老年原发性高血压的临床效果观察,谢文静,健康大视野,2020,2,针灸,内分泌,降压点,降压沟,,,,,,,,
耳穴疗法联合针灸对老年轻度高血压的治疗效果,吴迁,健康大视野,2020,2,针灸,降压沟,,,,,,,,,,
耳穴贴压治疗高血压病肝阳上亢证疗效探讨,王蓉,家庭医药.就医选药,2020,1,无,心,肝,降压沟,神门,皮质下,,,,,,
眩晕3号方联合穴位敷贴、耳穴贴压治疗阴虚阳亢型原发性高血压的效果分析,王茜,健康必读,2020,3,中药汤剂、穴位敷贴,肝,脑干,颈椎,肾上腺,皮质下,,,,,,
耳穴压豆治疗原发性高血压伴失眠症的临床效果,王广梅,东方药膳,2020,1,无,心,肝,脾,肾,胃,降压沟,,,,,
柴胡龙骨牡蛎汤加减联合耳穴压籽治疗原发性高血压肝阳上亢证的临床疗效观察,孙静,中西医结合心脑血管病杂志,2020,2,中药汤剂,皮质下,降压点,降压沟,交感,神门,心,肝,肾,,,
耳穴贴压对高血压患者高压氧治疗中的降压效果分析,帅艳常,中国社区医师,2020,1,无,上耳根,降压沟,肾,肝,肾上腺,神门,交感,,,,
耳穴压豆法治疗老年高血压病临床研究,史晓玲,养生保健指南,2020,1,无,心,交感,肾,降压沟,,,,,,,
吴茱萸穴位贴敷联合耳穴压豆在高血压患者护理中的效果观察,石欣,药品评价,2020,2,穴位贴敷,降压点,神门,耳尖,降压沟,,,,,,,
加减半夏白术天麻汤联合耳穴压籽对高血压病患者合并焦虑状态的影响,任明嘉,中医临床研究,2020,2,中药汤剂,降压沟,皮质下,神门,交感,,,,,,,
辨证耳穴埋籽对高血压病合并失眠患者血压和睡眠质量的影响研究,科学养生,马慧慧,2020,1,无,神门,心,肾,肝,,,,,,,
穴位贴敷联合耳穴压豆对高血压水平及高血压不良反应的临床疗效观察,罗珊珊,康颐,2020,2,穴位贴敷,降压沟,神门,心,耳尖,肾,肝,,,,,
中药降压贴联合耳穴埋豆法辅助治疗原发性高血压的临床观察,卢星星,中国现代医生,2020,2,穴位贴敷,心,神门,交感,肝,肾,降压沟,,,,,
耳穴贴压法治疗在老年人原发性高血压护理中的应用及对血压水平的影响研究,刘子玉,康颐,2020,1,无,神门,交感,降压沟,脾,大肠,胃,肝,胆,肾,,
耳穴压豆联合半夏白术天麻汤合通窍活血汤治疗高血压并高脂血症的疗效分析,刘永耀,中国现代药物应用,2020,2,中药汤剂,耳尖,降压沟,神门,心,脾,内分泌,交感,皮质下,,,
耳穴贴压法治疗在老年人原发性高血压护理中的应用及对血压水平的影响,刘静娜,国际护理学杂志,2020,1,无,神门,降压沟,交感,脾,皮质下,内分泌,,,,,
针灸联合耳穴压豆在原发性高血压治疗中的临床效果及有效率影响评价,林燕茹,饮食保健,2020,2,针灸,降压沟,降压点,神门,,,,,,,,
观察耳穴压豆中医护理在高血压病患者中的应用效果,梁惠行,东方药膳,2020,1,无,降压沟,肾,内分泌,神门,交感,,,,,,
探究耳穴压豆联合穴位贴敷中医护理在高血压病患者中的护理效果,李玉芳,医学理论与实践,2020,2,穴位贴敷,降压沟,心,神门,耳尖,肾,肝,,,,,
探讨对高血压伴睡眠障碍患者进行耳穴埋籽护理的临床效果进行分析,李小莲,东方药膳,2020,1,无,交感,神门,肝,肾,皮质下,,,,,,
耳穴压豆联合音乐疗法对高血压合并睡眠障碍老年患者睡眠的影响,李倩,系统医学,2020,2,音乐疗法,神门,心,皮质下,枕,,,,,,,
传统中医护理技术耳穴埋豆与穴位贴敷联合应用治疗原发性高血压的临床疗效,李丹,中医学报,2020,2,穴位贴敷,降压沟,心,神门,交感,内分泌,,,,,,
耳穴压豆联合降压操对高血压病患者血压的影响观察,黎晓艳,世界最新医学信息文摘,2020,2,降压操,耳尖,神门,肾上腺,心,肝,肾,,,,,
中医耳穴贴压与针灸技术治疗社区老年原发性高血压患者临床观察,金川,光明中医,2020,2,针灸,降压沟,,,,,,,,,,
分析为高血压患者采取耳穴压豆联合穴位贴敷中医护理的效果,黄凡,健康必读,2020,2,穴位贴敷,心,耳尖,降压沟,神门,肾,肝,,,,,
苍术二陈汤联合耳穴压豆治疗1级高血压68例,胡晓琴,中医外治杂志,2020,2,中药汤剂,皮质下,神门,降压沟,交感,脾,胃,,,,,
耳穴贴压配合中医护理治疗顽固性高血压的效果观察,郭海阳,实用临床护理学电子杂志,2020,2,中医护理,耳尖,肾,肾上腺,神门,降压沟,肝,内分泌,心,,,
耳穴贴压对社区老年高血压患者血压变异性影响,顾君,上海医药,2020,1,无,心,肝,肾,脾,降压沟,神门,交感,皮质下,内分泌,三焦,
神门关联配穴压丸法治疗肝阳上亢型1级原发性高血压病患者的疗效分析,巩玉红,中国全科医学,2020,2,穴位按摩,神门,心,肝,交感,降压沟,,,,,,
耳穴压豆联合中医护理在高血压患者中的应用效果分析,高新鸿,中国保健营养,2020,2,中医护理,神门,降压点,肾,内分泌,脑,,,,,,
对高血压病患者运用耳穴压豆中医护理的效果分析,冯丽君,中外女性健康研究,2020,2,中医护理,降压沟,降压点,神门,交感,,,,,,,
天麻钩藤饮联合耳穴埋豆治疗原发性高血压肝阳上亢证的临床观察,丁丽,中华中医药杂志,2020,2,中药汤剂,降压沟,交感,神门,肾,肝,心,,,,,
耳穴贴压联合涌泉穴按摩对老年原发性高血压患者血压变异性的影响,崔秀卿,陕西中医,2020,2,穴位按摩,三焦,神门,心,肾,肝,交感,皮质下,,,,
探讨雷火灸联合耳穴压豆治疗中老年高血压症患者的护理效果,陈玉娇,健康管理,2020,2,艾灸,降压点,神门,心,降压沟,耳尖,,,,,,
耳穴压豆与穴位贴敷治疗老年高血压失眠临床观察,陈雍慧,中国中医药现代远程教育,2020,2,穴位贴敷,脾,心,肾,肝,枕,交感,神门,皮质下,,,
耳穴埋豆和涌泉穴按摩对原发性高血压的疗效及其护理干预,陈文静,世界最新医学信息文摘,2020,2,穴位按摩,三焦,神门,交感,,,,,,,,
王不留行籽耳贴和涌泉穴按摩对原发性高血压的临床疗效及有效性分析,陈儒英,临床医药文献电子杂志,2020,2,穴位按摩,神门,心,降压沟,肾,,,,,,,
耳穴贴压联合抗高眩方治疗原发性高血压病眩晕的临床研究,张少明,广州中医药大学学报,2019,2,中药汤剂,降压沟,肝,肾,,,,,,,,
耳穴压豆联合西药治疗高血压病的疗效观察,张红丽,中国实用医药,2019,1,无,降压沟,皮质下,三焦,交感,神门,高血压点,,,,,
耳穴压豆对阴虚阳亢型高血压患者生活质量影响的临床观察,辛意,继续医学教育,2019,1,无,交感,内分泌,神门,肝,肾,降压沟,心,脾,,,
耳穴埋豆配合穴位按摩对原发性高血压患者降压效果及生活质量的影响,肖丹,当代护士：上旬刊,2019,2,穴位按摩,三焦,神门,交感,肾上腺,,,,,,,
高血压眩晕病人应用耳穴埋籽的效果观察和护理,吴晓燕,心血管病防治知识：学术版,2019,1,无,神门,肾,枕,交感,,,,,,,
耳穴压豆联合吴茱萸涌泉穴穴贴在高血压患者护理中的应用效果分析,吴娟鸽,四川中医,2019,2,穴位贴敷,降压点,神门,心,降压沟,耳尖,,,,,,
耳穴压豆结合中医健康教育对社区高血压患者干预效果分析,王玲莉,社区医学杂志,2019,2,健康教育,降压沟,交感,神门,心,肝,肾,,,,,
耳穴贴压治疗原发性高血压(痰湿壅盛证)的临床分析,王海珍,世界最新医学信息文摘,2019,1,无,心,肝,脾,三焦,肾,降压沟,,,,,
用耳穴压豆法治疗顽固性高血压的效果研析,王爱方,当代医药论丛,2019,1,无,内分泌,神门,皮质下,交感,肾上腺,降压沟,肾,肝,,,
耳穴压豆联合中医护理在高血压患者中的应用效果分析,孙艳美,健康之友,2019,2,中医护理,降压沟,肝,肾,心,交感,神门,,,,,
耳穴压豆治疗原发性高血压伴失眠症的观察及护理研究,阮燕媚,心电图杂志：电子版,2019,1,无,心,肝,脾,胃,肾,降压沟,,,,,
耳穴贴压联合穴位贴敷在高血压患者中的疗效观察,钱静,当代护士：中旬刊,2019,2,穴位贴敷,神门,降压沟,内分泌,,,,,,,,
耳尖放血联合耳穴埋籽治疗高血压头痛临床观察,刘艳丽,光明中医,2019,2,耳尖放血,三焦,,,,,,,,,,
耳穴贴压对高血压患者的靶器官保护作用及血压情况观察,刘建永,现代养生（下半月版）,2019,1,无,神门,内分泌,降压沟,降压点,高血压点,胃,脾,,,,
耳穴贴压配合降压药物治疗高血压1级患者临床疗效观察,刘宝新,中外女性健康研究,2019,1,无,降压点,降压沟,神门,内分泌,,,,,,,
耳穴贴压治疗原发性高血压1级患者临床疗效观察,刘宝新,中国农村卫生,2019,1,无,降压沟,神门,内分泌,,,,,,,,
耳穴贴压治疗痰湿壅盛型轻中度高血压的临床疗效观察,连艳玲,中西医结合心脑血管病杂志,2019,1,无,心,肝,肾,交感,神门,降压沟,,,,,
柴胡加龙骨牡蛎汤加减联合耳穴埋豆治疗原发性高血压病的临床分析,李玉宝,中医临床研究,2019,2,中药汤剂,神门,降压沟,降压点,耳迷根,心,脾,肝,胃,,,
眩晕3号方联合穴位敷贴、耳穴贴压治疗阴虚阳亢型原发性高血压,李颖,河南中医,2019,3,中药汤剂、穴位敷贴,降压沟,肝,肾,,,,,,,,
耳穴埋豆法治疗高血压病的疗效观察及护理体会,蒋华,临床医药文献电子杂志,2019,1,无,心,肝,神门,皮质下,,,,,,,
耳穴压豆结合穴位按摩对高血压伴失眠患者的护理效果观察,何艳平,家庭医药,2019,2,穴位按摩,神门,心,肾,交感,皮质下,,,,,,
耳穴贴压配合中医护理治疗顽固性高血压的效果观察,顾永红,医药前沿,2019,2,中医护理,耳尖,肾,降压沟,肝,肾上腺,神门,心,,,,
耳穴贴压辅助治疗高血压危象疗效观察,高健敏,上海针灸杂志,2019,1,无,降压沟,降压点,耳尖,神门,交感,内分泌,,,,,
中医耳穴疗法对社区原发性高血压并发焦虑患者的影响分析,傅智丽,中西医结合心血管病电子杂志,2019,1,无,肝,神门,心,三焦,肾,,,,,,
对高血压伴睡眠障碍患者进行耳穴埋籽护理的效果探究,卞纯,当代医药论丛,2019,1,无,交感,神门,枕,,,,,,,,
耳穴压豆治疗原发性高血压伴失眠症的观察及护理分析,包秀萍,临床检验杂志：电子版,2019,1,无,心,肝,脾,肾,胃,降压沟,,,,,
耳穴压豆护理在高血压自管小组中的应用,朱磊,海南医学,2018,1,无,降压沟,神门,交感,心,肝,肾,,,,,
耳穴贴压配合生活方式干预治疗痰瘀互结型高血压前期的临床研究,赵鑫,中国处方药,2018,1,无,耳尖,神门,内分泌,降压沟,脾,胃,肝,心,,,
高血压患者中运用耳穴埋豆护理的效果分析,张仙红,医学食疗与健康,2018,1,无,神门,三焦,皮质下,内分泌,交感,降压沟,,,,,
耳穴贴压联合西药治疗社区原发性高血压的临床观察,郁丘婷,上海中医药杂志,2018,1,无,肝,降压沟,交感,神门,,,,,,,
耳穴压豆联合情志干预对高血压伴睡眠障碍患者焦虑状态、睡眠质量及血压的影响,姚玉红,医学临床研究,2018,2,情志护理,肝,肾,降压点,肝阳,降压沟,神门,高血压点,皮质下,失眠,,
中药穴位贴敷联合耳穴压豆治疗老年高血压失眠临床观察,王文岩,实用中医药杂志,2018,2,穴位贴敷,神门,心,交感,皮质下,枕,肝,肾,脾,,,
中医耳穴压豆护理对高血压患者降压效果研究,王凌飞,中国保健营养,2018,1,无,神门,心,交感,皮质下,,,,,,,
耳穴压豆对肝火亢盛型高血压干预效果的影响,王玲莉,中国当代医药,2018,1,无,降压沟,交感,神门,肾,肝,心,,,,,
柴胡加龙骨牡蛎汤加减联合耳穴埋豆治疗原发性高血压的临床研究,童芬芬,中西医结合心脑血管病杂志,2018,2,中药汤剂,胃,脾,肝,心,耳迷根,降压点,降压沟,神门,,,
对肝火亢盛型高血压患者进行中医护理的效果分析,唐晓玲,当代医药论丛,2018,2,情志护理,降压沟,神门,降压点,内分泌,脑,肾,,,,,
中医综合疗法治疗Ⅰ级高血压病的临床观察,孙增玉,中华中医药学刊,2018,3,穴位按摩、中药汤剂,神门,皮质下,降压点,内分泌,降压沟,,,,,,
耳穴埋豆治疗高血压病120例疗效观察,钱春梅,世界最新医学信息文摘（电子版）,2018,1,无,心,肾,交感,降压沟,,,,,,,
耳穴压豆治疗高血压30例,刘燕,中国中医药现代远程教育,2018,1,无,交感,心,肾,降压沟,,,,,,,
耳穴埋豆联合穴位按摩在眩晕病中的应用效果,梁兜选,中国当代医药,2018,2,穴位按摩,神门,心,交感,降压沟,,,,,,,
耳穴埋豆与穴位贴敷辅助治疗原发性高血压的疗效观察,李娜,陕西中医药大学学报,2018,2,穴位贴敷,耳尖,降压沟,交感,神门,心,肾,,,,,
健康教育联合耳穴压豆在高血压患者中的效果观察,李杰萍,中国医学创新,2018,2,健康教育,降压沟,降压点,神门,心,肝,肾,枕,,,,
耳穴压豆疗法治疗高血压的疗效观察,蒋彦,中国医药科学,2018,1,无,心,交感,肾,降压沟,,,,,,,
耳穴疗法联合针灸治疗老年原发性高血压疗效观察,黄志诚,深圳中西医结合杂志,2018,2,针灸,降压沟,,,,,,,,,,
耳穴压豆联合头面部经络梳理治疗肝阳上亢型高血压伴焦虑患者的效果,胡利娟,广东医学,2018,2,头面部按摩,肝,肾,降压点,心,神门,高血压点,皮质下,,,,
中医药综合治疗1级高血压随机平行对照观察,郭志华,长春中医药大学学报,2018,2,中药汤剂,心,肝,肾,降压点,肝阳,,,,,,
耳穴压豆联合穴位贴敷对肝阳上亢型高血压患者血压水平及满意度的影响,冯海艳,国际护理学杂志,2018,2,穴位贴敷,降压沟,心,神门,肝,肾,,,,,,
针灸联合耳穴贴压治疗老年原发性高血压的临床效果观察,窦莉莉,临床合理用药杂志,2018,2,针灸,降压点,降压沟,内分泌,,,,,,,,
耳穴贴压治疗中低危高血压临床效果观察,刁鹏,中外医学研究,2018,1,无,皮质下,交感,神门,肾,肝,降压沟,,,,,
耳穴压豆联合西药治疗原发性高血压伴抑郁症疗效观察,成金汉,中医临床研究,2018,1,无,神门,降压沟,内分泌,皮质下,交感,心,,,,,
耳穴压豆对高血压自管小组原发性高血压患者血压控制效果和睡眠质量的影响,朱磊,中国初级卫生保健,2017,1,无,降压沟,神门,心,肝,交感,肾,,,,,
中医特色护理技术耳穴压豆干预控制肝火亢盛型高血压临床研究,郑丽娟,辽宁中医药大学学报,2017,1,无,神门,降压沟,交感,肾,肝,心,,,,,
用耳穴贴压法对高血压患者进行护理的效果分析,张颖,当代医药论丛,2017,1,无,神门,降压沟,交感,脾,胃,大肠,肝,肾,胆,,
温和灸联合耳穴压豆治疗老年性晨峰高血压39例,张晓平,浙江中医杂志,2017,2,艾灸,交感,皮质下,降压沟,神门,内分泌,心,肾,,,,
耳穴疗法配合穴位敷贴治疗高血压病30例疗效观察,张晶,养生保健指南,2017,2,穴位贴敷,降压沟,神门,皮质下,,,,,,,,
耳穴压豆联合吴茱萸贴敷涌泉穴治疗原发性高血压疗效观察,吴川丽,海南医学,2017,2,穴位贴敷,降压沟,肝,内分泌,,,,,,,,
耳穴贴压对高血压患者靶器官保护作用的临床研究,吴朝进,上海针灸杂志,2017,1,无,降压沟,肝,神门,肾,交感,皮质下,,,,,
耳穴压豆中医护理在高血压病患者中的应用效果观察,唐科毅,中医临床研究,2017,1,无,降压点,降压沟,神门,心,肾,肝,交感,皮质下,,,
中医耳穴治疗对原发性高血压并发焦虑患者的影响,沈建锋,中国妇幼健康研究,2017,1,无,神门,心,肝,肾,,,,,,,
耳穴贴压治疗老年高血压合并焦虑症状30例临床观察,刘振,河北中医,2017,1,无,交感,神门,肝,肾,,,,,,,
耳穴压豆对痰湿质高血压患者的干预研究,廖建堂,中国实用医药,2017,1,无,降压沟,神门,心,肝,脾,肾,,,,,
耳穴埋籽法治疗肝阳上亢型高血压伴失眠症临床观察,李晓露,中西医结合护理（中英文）,2017,1,无,心,交感,神门,皮质下,肝,,,,,,
耳穴压豆联合氟哌噻吨美利曲辛片治疗老年高血压合并轻中度抑郁患者的效果分析,何逸,中国当代医药,2017,1,无,心,肾,神门,交感,,,,,,,
耳穴贴压疗法对轻中度高血压患者的临床观察,董巧稚,环球中医药,2017,1,无,神门,降压沟,皮质下,,,,,,,,
耳穴贴压配合降压药物治疗1级高血压病的临床效果,董巧稚,中国医药导报,2017,1,无,神门,降压沟,皮质下,,,,,,,,
中医综合护理干预对肝阳上亢型高血压的影响,陈红,内蒙古中医药,2017,2,穴位贴敷,神门,心,肝,皮质下,,,,,,,
耳穴压籽对原发性高血压病患者血压的影响,周鑫,河南中医,2016,1,无,交感,降压沟,皮质下,神门,肾,,,,,,
耳穴贴压配合福辛普利对原发性H型高血压患者血压及同型半胱氨酸的干预作用,钟乔英,临床医学工程,2016,1,无,神门,内分泌,皮质下,脾,三焦,交感,肝,降压沟,肾,饥点,
耳穴压豆辅助治疗眩晕病(原发性高血压)的疗效观察,郑同莉,中国社区医师,2016,1,无,神门,交感,降压沟,心,肝,肾,内分泌,,,,
耳穴压豆治疗原发性高血压伴失眠症的临床效果观察,张丽丽,中医临床研究,2016,1,无,肝,肾,心,胃,脾,,,,,,
中医护理干预对脑卒中伴高血压患者血压的影响,袁迎春,中医临床研究,2016,2,穴位按摩,肾上腺,神门,降压沟,皮质下,内分泌,交感,,,,,
中药足浴联合耳穴压豆治疗1级高血压60例,吴山永,浙江中医杂志,2016,2,中药足浴,交感,皮质下,降压沟,肾上腺,内分泌,神门,交感,内分泌,心,耳尖,
耳穴贴压法对高血压病患者的血压变异性及血管紧张素II影响,吴华慧,中国保健营养,2016,1,无,皮质下,交感,内分泌,神门,降压沟,,,,,,
耳穴压豆疗法对不同证型原发性高血压即时降压疗效比较,魏思宁,山东中医杂志,2016,1,无,肝,肾,降压点,降压沟,耳尖,,,,,,
中药足浴联合耳穴压豆治疗高血压临床疗效观察,王小辉,实用中西医结合临床,2016,2,中药足浴,肾上腺,降压沟,内分泌,肾,,,,,,,
耳穴压籽治疗原发性高血压伴失眠症的临床观察,王博,中西医结合心血管病电子杂志,2016,1,无,皮质下,交感,神门,降压点,,,,,,,
耳穴压豆联合补中汤加味治疗老年原发性高血压的效果观察,田亚振,临床研究,2016,2,中药汤剂,神门,降压沟,内分泌,脾,胃,皮质下,,,,,
耳穴贴压联合降压药物用于高血压治疗的临床价值,孙阳,内蒙古中医药,2016,1,无,降压沟,,,,,,,,,,
中药口服配合耳穴贴压治疗高血压病62例,庞万华,中国民间疗法,2016,2,中药汤剂,神门,交感,降压沟,皮质下,心,肝,内分泌,,,,
耳穴贴压配合穴位按摩应用于原发性高血压患者的效果观察,龙艳兰,当代护士：下旬刊,2016,2,穴位按摩,神门,皮质下,降压沟,交感,高血压点,三焦,,,,,
耳穴埋籽治疗高血压眩晕的效果观察,刘茜茜,当代护士：下旬刊,2016,1,无,神门,降压沟,皮质下,内分泌,交感,,,,,,
耳穴辨证配合穴位磁贴治疗社区轻度高血压的临床研究,刘春燕,辽宁中医杂志,2016,2,穴位按摩,降压沟,皮质下,降压点,神门,,,,,,,
痰湿质高血压病患者实施耳穴压豆的护理干预,李买容,护理实践与研究,2016,1,无,降压沟,神门,交感,,,,,,,,
耳穴埋豆联合八段锦养生操对眩晕病(高血压)护理疗效的观察,赖有莲,心血管病防治知识：学术版,2016,2,养生操,额,颞,枕,肾,神门,,,,,,
耳穴贴压结合穴位按摩在原发性高血压患者中的运用效果探讨,冀沙沙,中国现代药物应用,2016,2,穴位按摩,降压沟,交感,神门,心,对屏尖,肝,肾,,,,
耳穴按压与中药药茶综合干预治疗对高血压患者的降压疗效及其对治疗的满意度评价,黄斯曼,抗感染药学,2016,2,中药汤剂,肾,降压沟,肝,,,,,,,,
耳穴贴压加穴位敷贴辅助治疗社区原发性高血压临床研究,费里,社区医学杂志,2016,2,穴位贴敷,降压沟,皮质下,神门,,,,,,,,
耳穴贴压联合穴位敷贴在社区高血压患者中的应用,费里,医学信息(西安),2016,2,穴位贴敷,降压沟,皮质下,神门,,,,,,,,
耳穴压豆中医护理在高血压病患者中的应用效果观察,崔璨,淮海医药,2016,1,无,降压点,降压沟,神门,内分泌,脑,肾,,,,,
耳穴压豆辅助治疗腔隙性脑梗死合并高血压病的疗效观察,陈晓茶,广西中医药大学学报,2016,1,无,降压沟,神门,脑,内分泌,,,,,,,
耳穴压贴联合中药足浴对原发性高血压并发焦虑患者负性情绪、血压及心率的影响,陈娴,临床护理杂志,2016,2,中药足浴,三焦,肝,神门,肾,心,,,,,,
耳穴磁珠贴压治疗早期原发性高血压效果观察,陈瑾,中国乡村医药,2016,1,无,神门,心,肾,肝,交感,降压沟,皮质下,降压点,,,
耳穴贴压配合中医护理治疗顽固性高血压疗效观察,陈富玲,中医临床研究,2016,2,中医护理,降压点,耳尖,肝,肾,内分泌,肾上腺,心,神门,,,
耳穴埋豆加中药泡脚对原发性高血压患者的血压及症候的影响,曹胜兰,实用临床医药杂志,2016,2,中药足浴,神门,皮质下,降压沟,高血压点,三焦,交感,,,,,
耳穴贴压联合艾灸辅助治疗痰湿中阻型高血压病疗效观察,张秀娟,内蒙古中医药,2015,2,艾灸,脾,三焦,肝,神门,心,降压沟,肾上腺,,,,
推拿桥弓穴配合耳穴贴压辅助治疗原发性高血压效果,张丽,中国乡村医药,2015,2,推拿,降压沟,肝,肾,,,,,,,,
耳穴贴压对高血压患者高压氧治疗中的降压效果观察,于志红,国际医药卫生导报,2015,1,无,降压沟,降压点,肝,肾,神门,肾上腺,交感,,,,
针刺联合耳穴贴压治疗原发性高血压:随机对照研究,杨晓琳,中国针灸,2015,2,针刺,神门,心,降压沟,交感,,,,,,,
中药配合耳压对高血压患者的疗效观察,杨硕,辽宁中医杂志,2015,2,中药汤剂,神门,肝,肾,心,降压沟,耳尖,交感,,,,
耳穴埋豆结合中医健康干预治疗高血压病疗效观察,徐珊珊,中医药导报,2015,2,中医护理,降压沟,降压点,肝,皮质下,高血压点,,,,,,
耳穴磁疗治疗不同中医证型之高血压病,孙桂萍,辽宁中医杂志,2015,1,无,心,肝,肾,交感,耳尖,降压沟,降压点,,,,
耳穴埋豆辅助治疗Ⅱ级原发性高血压病40例,司绍娥,江西中医药大学学报,2015,1,无,降压沟,神门,交感,耳尖,降压沟,,,,,,
耳穴压豆对中老年高血压患者血压及睡眠质量的影响,尚淑梅,现代临床护理,2015,1,无,降压沟,神门,心,内分泌,皮质下,交感,,,,,
坎地沙坦酯联合耳穴压豆对非杓型高血压病患者的疗效观察,曲玉梅,中国继续医学教育,2015,1,无,皮质下,内分泌,神门,降压沟,交感,,,,,,
耳压联合温灸治疗高血压病临床研究,戚相芝,河北医学,2015,2,艾灸,心,肝,肾,降压沟,,,,,,,
头面部按摩配合耳穴贴压对原发性高血压患者血压水平的影响,彭英,现代中西医结合杂志,2015,2,头面部按摩,交感,神门,皮质下,降压沟,高血压点,肝,,,,,
中药茶及耳穴疗法在社区高血压综合干预中的效果研究,孟丽,内蒙古中医药,2015,2,中药汤剂,肝,肾,降压沟,交感,,,,,,,
肝火亢盛型高血压病患者使用耳穴压豆的效果观察,刘银波,解放军护理杂志,2015,1,无,心,肝,肾,神门,交感,降压沟,,,,,
降压敷贴联合耳穴埋豆治疗原发性高血压,刘杨,长春中医药大学学报,2015,2,穴位贴敷,降压沟,肝,心,肾,皮质下,,,,,,
耳穴贴压联合硝苯地平缓释片治疗原发性高血压的疗效观察,刘晓艳,医学信息(西安),2015,1,无,降压沟,神门,交感,对屏尖,心,,,,,,
脑卒中后高血压患者耳穴埋豆的干预研究,李慧芬,当代医学,2015,1,无,降压点,神门,心,皮质下,肝,,,,,,
中医耳穴对原发性高血压并发焦虑患者的治疗影响探究,黄爱民,中国初级卫生保健,2015,1,无,神门,心,肝,三焦,肾,,,,,,
耳穴贴压疗法治疗原发性高血压并发焦虑效果观察,赫小龙,中国乡村医药,2015,1,无,神门,心,肝,三焦,肾,,,,,,
耳穴压籽联合中药足浴对原发性高血压并发焦虑患者的影响,韩艳秋,齐齐哈尔医学院学报,2015,2,中药足浴,神门,皮质下,肝,肾,,,,,,,
中药穴位贴敷联合耳穴压豆治疗高血压失眠94例,郭秀媚,中国中医药科技,2015,2,穴位贴敷,心,神门,交感,皮质下,肝,肾,脾,枕,,,
耳穴贴压联合足三里按压对高血压患者血压、血脂的影响,郭华芳,上海针灸杂志,2015,2,穴位按摩,交感,肾,脾,皮质下,耳尖,降压沟,,,,,
耳穴埋豆法治疗高血压病的疗效观察及护理体会,董彦平,新疆中医药,2015,1,无,神门,降压沟,皮质下,内分泌,三焦,交感,,,,,
耳穴压豆与降压操对高血压病患者血压的影响,丁劲,医学信息(西安),2015,2,降压操,耳尖,神门,肾上腺,交感,心,肝,肾,皮质下,降压沟,,
循证护理在老年高血压失眠患者中的应用,陈小玲,福建医药杂志,2015,2,穴位按摩,神门,心,肾,皮质下,垂前,,,,,,
耳穴压豆对高血压合并冠心病的影响,陈琼,母婴世界,2015,1,无,心,肾,交感,降压沟,,,,,,,
天麻钩藤饮配合耳穴压丸治疗肝阳上亢型高血压30例临床疗效观察,陈浪,医学信息,2015,2,中药汤剂,降压沟,交感,肾上腺,,,,,,,,
耳穴结合耳尖放血治疗早期高血压病57例疗效观察,周静月,浙江中医杂志,2014,2,耳尖放血,耳迷根,内分泌,降压点,降压沟,神门,,,,,,
耳穴(降压沟)压豆治疗高血压病60例,周红芳,中国中医药现代远程教育,2014,1,无,降压沟,,,,,,,,,,
耳穴埋豆和涌泉穴按摩对原发性高血压的疗效及其护理干预,赵吉华,中华全科医学,2014,2,穴位按摩,三焦,神门,心,肝,交感,肾,皮质下,,,,
耳穴埋籽治疗高血压病临床观察,张晓敏,海峡药学,2014,1,无,降压沟,交感,神门,,,,,,,,
中医耳穴贴压与针灸技术治疗社区老年原发性高血压的疗效观察,叶建林,中医临床研究,2014,2,针灸,降压沟,,,,,,,,,,
耳穴贴压配合低盐饮护理在高血压患者中的应用观察,杨文军,北方药学,2014,2,低盐饮食,神门,心,肝,肾,高血压点,降压沟,内分泌,皮质下,,,
中医护理在骨科合并高血压患者中的应用效果,杨丽珺,中华现代护理杂志,2014,2,穴位贴敷,心,神门,内分泌,肝,肾,,,,,,
耳穴贴压法治疗原发性高血压(痰湿壅盛证)临床观察,王玲,中国中医急症,2014,1,无,降压沟,神门,高血压点,降压点,内分泌,脾,胃,肺,,,
耳穴贴压法治疗原发性高血压临床观察,王玲,中医药学报,2014,1,无,降压沟,神门,高血压点,降压点,内分泌,肝,胆,肾,,,
耳穴疗法治疗高血压病即时疗效的观察,王黎明,湖北中医杂志,2014,1,无,心,肝,肾,神门,降压沟,,,,,,
耳穴辨证配合涌泉穴位磁贴治疗轻中度高血压疗效评价,王剑波,中国中医药信息杂志,2014,2,穴位贴敷,降压沟,皮质下,降压点,神门,,,,,,,
社区高血压中医药综合干预分组管理的疗效观察,石凤,中医临床研究,2014,2,中药汤剂,降压沟,神门,交感,,,,,,,,
耳穴压豆对高血压I期患者的降压效果观察,阮婷慧,健康导报·医学版,2014,1,无,肝,心,降压沟,枕,脑,,,,,,
使用耳穴埋豆法联合氨氯地平治疗高血压伴睡眠障碍的效果观察,乔建峰,当代医药论丛,2014,1,无,肝,肾,交感,神门,皮质下,降压沟,,,,,
耳穴埋豆法在老年1级高血压患者治疗中的应用,刘家华,中医药临床杂志,2014,1,无,神门,皮质下,降压沟,高血压点,三焦,交感,,,,,
耳穴贴压配合低盐饮食护理在高血压患者中的应用观察,梁艳翠,四川中医,2014,2,低盐饮食,神门,心,肝,肾,高血压点,降压沟,内分泌,皮质下,,,
耳穴压豆合中医护理治疗高血压病43例疗效观察,郭璇,湖南中医杂志,2014,1,无,耳尖,降压沟,交感,,,,,,,,
耳疗联合自我管理对99例高血压病患者的影响,陈静薇,南京中医药大学学报,2014,1,无,耳迷根,内分泌,降压沟,,,,,,,,
王不留行耳穴贴压法对原发性高血压患者的效果评价,曹慧,临床医学工程,2014,1,无,心,肾,神门,降压沟,,,,,,,
耳穴贴压法辅助硝苯地平缓释片治疗高血压病的效果观察,周玉峰,医学理论与实践,2013,1,无,神门,降压沟,皮质下,交感,内分泌,,,,,,
耳穴压豆治疗顽固性高血压60例临床观察,张庆,医学信息,2013,1,无,降压沟,降压点,交感,神门,心,肝,肾,,,,
耳穴贴压配合降压操治疗老年高血压临床观察,袁旻健,上海针灸杂志,2013,2,降压操,降压沟,,,,,,,,,,
耳穴压豆法治疗老年高血压病临床研究,吴丽妍,河南中医,2013,1,无,降压沟,肾上腺,交感,皮质下,内分泌,神门,肾,肝,,,
耳穴压籽联合穴位贴敷对高血压患者血压的影响,魏金金,齐鲁护理杂志,2013,2,穴位贴敷,降压点,神门,心,降压沟,耳尖,,,,,,
天麻钩藤饮加减联合耳穴埋豆治疗肝阳上亢型高血压病68例,盛和静,浙江中医杂志,2013,2,中药汤剂,交感,肾,脾,皮质下,耳尖,降压沟,,,,,
穴位按摩及耳穴贴压应用于高血压患者的效果评价,林红霞,中国实用护理杂志,2013,2,穴位按摩,神门,皮质下,降压沟,高血压点,三焦,交感,,,,,
耳穴压籽对原发性高血压病患者血压影响的临床研究,皇甫海全,中医药学报,2013,1,无,降压点,降压沟,交感,神门,内分泌,,,,,,
耳穴贴压法治疗高血压病疗效观察,周亚滨,中国中医急症,2012,1,无,神门,降压沟,皮质下,交感,内分泌,,,,,,
耳穴疗法在原发性高血压并发抑郁中的疗效观察,郑求姣,浙江中医药大学学报,2012,1,无,神门,心,肝,三焦,,,,,,,
耳穴埋豆治疗原发性高血压疗效观察,张秀丽,中国中医药现代远程教育,2012,1,无,神门,肝,降压沟,,,,,,,,
耳穴贴压治疗高血压合并高脂血症的临床研究,夏飞,中国医药指南,2012,1,无,高血压点,神门,交感,内分泌,脑干,降压点,脾,胃,,,
耳穴压豆按摩在改善骨科患者术前高血压状况中的应用,任华,齐鲁护理杂志,2012,1,无,降压沟,降压点,肝,肾,神门,肾上腺,交感,,,,
耳穴压豆疗法治疗高血压100例疗效观察,李婷,云南中医中药杂志,2012,1,无,心,肾,交感,降压沟,,,,,,,
耳穴贴压与按摩对高血压即时降压效应的对比观察,李成成,上海针灸杂志,2012,1,无,降压点,降压沟,,,,,,,,,
耳穴压豆联合硝苯地平控释片治疗轻度高血压的临床观察,纪平,中国保健营养：下半月,2012,1,无,心,肝,肾,降压沟,高血压点,降压点,神门,皮质下,内分泌,肾上腺,交感
高血压病中药茶及耳穴疗法社区综合干预研究,周东梅,辽宁中医杂志,2011,2,中药汤剂,肝,肾,神门,降压沟,交感,皮质下,,,,,
耳穴贴压降压沟、三焦、肝区对血压变异的影响,张慧,陕西中医,2011,1,无,降压沟,三焦,肝,,,,,,,,
耳穴贴压王不留行籽对原发性高血压的治疗作用以及对患者血浆生化值的影响,杨信才,辽宁中医杂志,2011,1,无,神门,降压沟,交感,对屏尖,心,,,,,,
中医耳穴治疗对原发性高血压并发焦虑患者的影响,徐晓春,中华护理杂志,2011,1,无,神门,心,肝,肾,三焦,,,,,,
耳穴压豆对高血压I期患者的降压效果观察,李萍,中医临床研究,2011,1,无,降压沟,,,,,,,,,,
耳压法配合心理护理干预1级高血压的疗效观察,王美芝,中国社区医师(医学专业),2010,2,心理干预,肝,肾,心,降压沟,皮质下,神门,交感,,,,
耳穴贴压治疗原发性高血压100例,罗继红,中医研究,2010,1,无,降压沟,高血压点,神门,耳迷根,内分泌,脑点,脑干,降压点,,,
耳穴贴压法治疗原发性高血压临床观察,杨信才,山西中医,2009,1,无,降压沟,神门,交感,对屏尖,心,肝,脾,肾,,,
卡托普利氢氯噻嗪联合耳穴按压治疗高血压病,余德奎,广东医学,2006,1,无,心,交感,肾,肝,皮质下,耳尖,降压沟,,,,
耳穴贴压治疗原发性高血压100例,匡海茜,潍坊医学院学报,2004,1,无,心,降压沟,肝,皮质下,枕,额,颞,内分泌,神门,,
药物结合电针及耳穴贴压磁珠治疗高血压病患者的临床观察,胡丽华,中华物理医学与康复杂志,2004,2,电针,降压沟,心,肾,肝,神门,,,,,,
耳穴按压配合针刺治疗高血压84例,左国新,中国社区医师,2002,2,针刺,耳尖,心,降压沟,神门,,,,,,,
耳穴贴压治疗原发性高血压51例临床观察,杜桂琴,天津中医学院学报,2002,1,无,降压沟,降压点,神门,心,肝,肾,,,,,
耳穴压豆配合生活调护对中青年高血压的影响,孙娜,齐鲁护理杂志,2000,1,无,降压沟,心,神门,肾上腺,,,,,,,
耳尖放血合耳穴贴压治疗高血压病,刘幸娟,湖北中医杂志,2000,2,耳尖放血,神门,降压点,降压沟,肝,肾,心,枕,皮质下,,,
耳穴贴压治疗高血压病30例疗效分析,王泳,针灸临床杂志,1999,1,无,交感,肾,脾,皮质下,耳尖,降压沟,,,,,
耳穴贴压对高血压病患者心血管功能的影响,邱春复,上海针灸杂志,1997,1,无,心,肝,肾,神门,降压沟,,,,,,
针刺配合耳穴贴压治疗高血压36例临床观察,王梅康,甘肃中医,1996,2,针刺,肝,肾,,,,,,,,,
高血压病患者心血管功能的特点及其在耳穴贴压治疗时的改变,邱春复,赣南医学院学报,1996,1,无,神门,心,肝,肾,降压沟,,,,,,
贴压耳廓敏感点治疗高血压的疗效观察,魏建平,针灸临床杂志,1995,1,无,心,神门,肝,肾,降压沟,交感,皮质下,脑,,,
耳穴贴压治疗高血压135例降压效应的动态观察,周荣兴,上海针灸杂志,1993,1,无,神门,交感,肝,心,皮质下,降压沟,,,,,
按压耳穴的降压效应-附274例临床资料分析,周荣兴,中医杂志,1990,1,无,神门,交感,肝,心,脾,肾,耳尖,皮质下,降压沟,轮,
耳穴压籽法治疗原发性高血压病100例临床观察,于澎,黑龙江中医药,1988,1,无,降压沟,降压点,神门,内分泌,脑,肾,,,,,
Effects of the traditional Chinese auricular point therapy combined with relaxation training on patients with hypertension and anxiety,"Li, Liying",Biomedical Research-India,2017,2,放松训练,神门,心,肝,三焦,肾,,,,,,
